{
  "milton-freewater, Oregon": [
    45.9329103,
    -118.387755
  ],
  "philomath, Oregon": [
    44.5400013,
    -123.367613
  ],
  "ione, Oregon": [
    45.5012431,
    -119.82475
  ],
  "clackamas, Oregon": [
    45.1608821,
    -122.2305038
  ],
  "boardman, Oregon": [
    45.839855,
    -119.700583
  ],
  "stanfield, Oregon": [
    45.7804098,
    -119.217235
  ],
  "estacada, Oregon": [
    45.2864689,
    -122.334259
  ],
  "molalla, Oregon": [
    45.1473445,
    -122.577032
  ],
  "sisters, Oregon": [
    44.290948,
    -121.549251
  ],
  "athena, Oregon": [
    45.8119097,
    -118.491336
  ],
  "vale, Oregon": [
    43.982063,
    -117.238456
  ],
  "creswell, Oregon": [
    43.9179023,
    -123.024526
  ],
  "keizer, Oregon": [
    44.9969,
    -123.0266267
  ],
  "sherwood, Oregon": [
    45.3569315,
    -122.8403744
  ],
  "condon, Oregon": [
    45.2341998,
    -120.184732
  ],
  "umatilla, Oregon": [
    45.6416995,
    -118.7671122
  ],
  "independence, Oregon": [
    44.8560029,
    -123.191303
  ],
  "moro, Oregon": [
    45.484036,
    -120.731168
  ],
  "corbett, Oregon": [
    45.5314503,
    -122.292256
  ],
  "aurora, Oregon": [
    45.2310497,
    -122.755035
  ],
  "irrigon, Oregon": [
    45.8956885,
    -119.491411
  ],
  "happy valley, Oregon": [
    45.428679,
    -122.497174
  ],
  "troutdale, Oregon": [
    45.5392862,
    -122.3873133
  ],
  "sutherlin, Oregon": [
    43.3896628,
    -123.312359
  ],
  "scappoose, Oregon": [
    45.7572997,
    -122.8743589
  ]
}